#,Component,Qty,Link
1,Speaker 2415 8Ω 1W (2-pin SH1.0 connector),1,https://www.aliexpress.us/item/3256813022741238.html
2,MX1.25 4-pin connector cable,1,https://www.aliexpress.us/item/3256812670096395.html
3,1.75" 466x466 round AMOLED display (DXQ0175Y003AMT003),1,https://www.alibaba.com/product-detail/DXQ-1-75-Inch-466-466_1601834013691.html
4,USB Type-C female PCB,1,https://www.aliexpress.us/item/3256809703885548.html
5,PCBA - Harness_1.75_AMOLED (main board, assembled),1,https://jlcpcb.com/
6,Solid Round Adhesive Backed Rubber Pads Disc (35mm x 1.5mm thickness),1,https://www.aliexpress.us/item/3256806493767498.html
7,M2x5 screw,4,https://www.aliexpress.us/item/3256808488953951.html
8,Housing (3D printed),1,see hardware/3d/step/Housing.step
9,Button (3D printed),1,see hardware/3d/step/Button.step
10,USB clamp (3D printed),1,see hardware/3d/step/USB_clamp.step
11,Iron base (laser-cut from 3mm steel),1,see hardware/3d/step/Iron_base.step
